,Title,Price
0,Atomic Habits,₹471.00
1,My First Library: Boxset of 10 Board Books for Kids,₹399.00
2,Ikigai,₹346.00
3,Don't Believe Everything You Think (English),₹187.00
4,Oswaal CBSE Sample Question Papers Class 10 Science Book (For Board Exams 2024) | 2023-24,₹287.00
5,The Power of Your Subconscious Mind,₹115.00
6,Ali Abdaal,₹480.00
7,Oswaal CBSE Sample Question Papers Class 10 Mathematics Standard Book (For Board Exams 2024) | 2023-24,₹280.00
8,The Psychology Of Money,₹310.00
9,Breaking the Mould : Reimagining India's Economic Future,₹605.00
10,Shrimad Bhagwat Geeta Yatharoop,₹249.00
11,Colouring Books Boxset: Pack of 12 Copy Colour Books For Children,₹329.00
12,Indian Polity for UPSC (English| 7th Edition) |Civil Services Exam| State Administrative Exams,₹749.00
13,"201 Brain Booster Activity Book - Fun Activities and Exercises For Children: Tracing & Pattern, Colors & Shapes, Maze",₹99.00
14,"Same As Ever: Timeless Lessons on Risk, Opportunity and Living a Good Life",₹321.00
15,Rich Dad Poor Dad: 25th Anniversary Edit,₹374.00
16,My First Book of Patterns Pencil Control: Patterns Practice book for kids (Pattern Writing),₹89.00
17,THE 48 LAWS OF POWER,₹628.00
18,"Do It Today: Overcome procrastination, improve productivity and achieve more meaningful things [Paperback] Foroux, Darius",₹144.00
19,You Can,₹99.00
20,Meditations,₹99.00
21,"THE SILENT PATIENT [Paperback] Michaelides, Alex",₹273.00
22,Sunil Gurjar,₹299.00
23,Oswaal CBSE Sample Question Papers Class 10 Social Science Book (For Board Exams 2024) | 2023-24,₹287.00
24,"Think And Grow Rich [Original Edition (Complete), PREMIUM PAPERBACK]",₹99.00
25,Brain Activity Book for Kids - 200+ Activities for Age 3+,₹99.00
26,"Sank Magic Practice Copybook, (4 BOOK + 10 REFILL+ 1 Pen +1 Grip) Number Tracing Book for Preschoolers with Pen, Magic Calligraphy Copybook Set Practical Reusable Writing Tool Simple Hand Lettering",₹120.00
27,"Oswal - Gurukul Last Years 10 Solved Papers for CBSE Class 10 Exam 2024 - Yearwise Board Solutions of Math Standard, English, Science & Social Science (All Sets Delhi & Outside), Latest Syllabus",₹801.00
28,33 Days Challenge CBSE Class 10 Final Revision Book Pack of 3 Mathematics Standard Science Social Science for 2024 Board Exam (Includes Sample Papers) by Padhle Akshay,₹714.00
29,"PW NTA JEE MAIN and JEE Advanced Entrance examination Test Series - 2024 | Latest Pattern, 10 Full Syllabus + 4 Part Syllabus (Class 11th & 12th) | OMR Sheet, Detailed ... Rank Predictor, State-wise College Cut-off",₹679.00
